depth,time_ms
1,9.613
2,1143.9279999999999
3,2775.9669999999996
