junctions,num_states
2,14.254237288135593
3,32.23529411764706
4,72.51685393258427
