junctions,time_ms
2,135.7769491525424
3,313.2264705882353
4,573.5057303370787
