junctions,time_ms
2,143.05618644067798
3,229.85188118811882
4,583.9305617977528
