junctions,time_ms
2,136.7041379310345
3,317.763431372549
4,565.2777528089888
