junctions,time_ms
1,5.625555555555556
2,12.361
3,38.793
4,829.6870000000001
