junctions,time_ms
1,4.485353535353536
2,12.623131313131314
3,89.4639393939394
4,422.77505050505056
5,725.210618556701
6,1593.9755555555555
