junctions,num_states
1,11.555555555555555
2,36.17171717171717
3,100.96969696969697
4,189.2828282828283
5,248.96907216494844
6,187.63333333333333
