junctions,num_states
2,11.508474576271187
3,30.75
4,41.669172932330824
