junctions,time_ms
2,155.66079096045198
3,424.1719736842105
4,458.9794736842106
