junctions,time_ms
2,157.38220338983052
3,425.4282894736842
4,457.187969924812
