junctions,time_ms
2,173.4911299435028
3,442.66519736842105
4,457.6610526315789
