junctions,time_ms
2,5.163333333333333
3,27.373333333333335
4,199.04
5,31.930000000000003
6,63.60333333333333
