junctions,num_states
2,5.0
3,94.33333333333333
4,110.33333333333333
5,2.6666666666666665
6,8.666666666666666
