junctions,time_ms
1,4.185538704623468
2,15.538575755199417
3,62.915350049734116
4,283.3040624822024
5,1522.7049320779042
6,2849.862764989957
