junctions,time_ms
2,264.21205479452055
3,1475.4066666666665
4,1303.3940336134456
