junctions,time_ms
2,254.35144827586205
3,1645.9336153846155
4,1343.78512605042
