junctions,time_ms
2,247.0236054421769
3,1648.175968992248
4,1333.0636974789918
