junctions,num_states
2,12.143835616438356
3,27.155038759689923
4,42.11764705882353
