junctions,num_states
2,12.448275862068966
3,26.953846153846154
4,42.11764705882353
