junctions,time_ms
2,6.718636363636364
3,24.015227272727273
4,76.32577777777777
5,152.77044444444445
6,484.1769662921348
