junctions,num_states
2,17.193181818181817
3,32.06818181818182
4,38.6
5,55.46666666666667
6,163.41573033707866
