depth,time_ms
1,44.161
2,1514.56625
3,8218.85375
4,30384.052222222224
